driver_id,first_name,last_name,dob,nationality,country_name,latitude,longitude
1,Lewis,Hamilton,1985-01-07,British,United Kingdom,55.378051,-3.435973
2,Nick,Heidfeld,1977-05-10,German,Germany,51.165691,10.451526
3,Nico,Rosberg,1985-06-27,German,Germany,51.165691,10.451526
4,Fernando,Alonso,1981-07-29,Spanish,Spain,40.463667,-3.74922
5,Heikki,Kovalainen,1981-10-19,Finnish,Finland,61.92411,25.748151
6,Kazuki,Nakajima,1985-01-11,Japanese,Japan,36.204824,138.252924
7,Sébastien,Bourdais,1979-02-28,French,France,46.227638,2.213749
8,Kimi,Räikkönen,1979-10-17,Finnish,Finland,61.92411,25.748151
9,Robert,Kubica,1984-12-07,Polish,Poland,51.919438,19.145136
10,Timo,Glock,1982-03-18,German,Germany,51.165691,10.451526
11,Takuma,Sato,1977-01-28,Japanese,Japan,36.204824,138.252924
12,Nelson,Piquet Jr.,1985-07-25,Brazilian,Brazil,-14.235004,-51.92528
13,Felipe,Massa,1981-04-25,Brazilian,Brazil,-14.235004,-51.92528
14,David,Coulthard,1971-03-27,British,United Kingdom,55.378051,-3.435973
15,Jarno,Trulli,1974-07-13,Italian,Italy,41.87194,12.56738
16,Adrian,Sutil,1983-01-11,German,Germany,51.165691,10.451526
17,Mark,Webber,1976-08-27,Australian,Australia,-25.274398,133.775136
18,Jenson,Button,1980-01-19,British,United Kingdom,55.378051,-3.435973
19,Anthony,Davidson,1979-04-18,British,United Kingdom,55.378051,-3.435973
20,Sebastian,Vettel,1987-07-03,German,Germany,51.165691,10.451526
21,Giancarlo,Fisichella,1973-01-14,Italian,Italy,41.87194,12.56738
22,Rubens,Barrichello,1972-05-23,Brazilian,Brazil,-14.235004,-51.92528
23,Ralf,Schumacher,1975-06-30,German,Germany,51.165691,10.451526
24,Vitantonio,Liuzzi,1980-08-06,Italian,Italy,41.87194,12.56738
25,Alexander,Wurz,1974-02-15,Austrian,Austria,47.516231,14.550072
26,Scott,Speed,1983-01-24,American,United States,37.09024,-95.712891
27,Christijan,Albers,1979-04-16,Dutch,Netherlands,52.132633,5.291266
28,Markus,Winkelhock,1980-06-13,German,Germany,51.165691,10.451526
29,Sakon,Yamamoto,1982-07-09,Japanese,Japan,36.204824,138.252924
30,Michael,Schumacher,1969-01-03,German,Germany,51.165691,10.451526
31,Juan,Pablo Montoya,1975-09-20,Colombian,Colombia,4.570868,-74.297333
32,Christian,Klien,1983-02-07,Austrian,Austria,47.516231,14.550072
33,Tiago,Monteiro,1976-07-24,Portuguese,Portugal,39.399872,-8.224454
34,Yuji,Ide,1975-01-21,Japanese,Japan,36.204824,138.252924
35,Jacques,Villeneuve,1971-04-09,Canadian,Canada,56.130366,-106.346771
36,Franck,Montagny,1978-01-05,French,France,46.227638,2.213749
37,Pedro,de la Rosa,1971-02-24,Spanish,Spain,40.463667,-3.74922
38,Robert,Doornbos,1981-09-23,Dutch,Netherlands,52.132633,5.291266
39,Narain,Karthikeyan,1977-01-14,Indian,India,20.593684,78.96288
40,Patrick,Friesacher,1980-09-26,Austrian,Austria,47.516231,14.550072
41,Ricardo,Zonta,1976-03-23,Brazilian,Brazil,-14.235004,-51.92528
42,Antônio,Pizzonia,1980-09-11,Brazilian,Brazil,-14.235004,-51.92528
43,Cristiano,da Matta,1973-09-19,Brazilian,Brazil,-14.235004,-51.92528
44,Olivier,Panis,1966-09-02,French,France,46.227638,2.213749
45,Giorgio,Pantano,1979-02-04,Italian,Italy,41.87194,12.56738
46,Gianmaria,Bruni,1981-05-30,Italian,Italy,41.87194,12.56738
47,Zsolt,Baumgartner,1981-01-01,Hungarian,Hungary,47.162494,19.503304
48,Marc,Gené,1974-03-29,Spanish,Spain,40.463667,-3.74922
49,Heinz-Harald,Frentzen,1967-05-18,German,Germany,51.165691,10.451526
50,Jos,Verstappen,1972-03-04,Dutch,Netherlands,52.132633,5.291266
51,Justin,Wilson,1978-07-31,British,United Kingdom,55.378051,-3.435973
52,Ralph,Firman,1975-05-20,Irish,Ireland,53.41291,-8.24389
53,Nicolas,Kiesa,1978-03-03,Danish,Denmark,56.26392,9.501785
54,Luciano,Burti,1975-03-05,Brazilian,Brazil,-14.235004,-51.92528
55,Jean,Alesi,1964-06-11,French,France,46.227638,2.213749
56,Eddie,Irvine,1965-11-10,British,United Kingdom,55.378051,-3.435973
57,Mika,Häkkinen,1968-09-28,Finnish,Finland,61.92411,25.748151
58,Tarso,Marques,1976-01-19,Brazilian,Brazil,-14.235004,-51.92528
59,Enrique,Bernoldi,1978-10-19,Brazilian,Brazil,-14.235004,-51.92528
60,Gastón,Mazzacane,1975-05-08,Argentine,Argentina,-38.416097,-63.616672
61,Tomáš,Enge,1976-09-11,Czech,Czechia,49.817492,15.472962
62,Alex,Yoong,1976-07-20,Malaysian,Malaysia,4.210484,101.975766
63,Mika,Salo,1966-11-30,Finnish,Finland,61.92411,25.748151
64,Pedro,Diniz,1970-05-22,Brazilian,Brazil,-14.235004,-51.92528
65,Johnny,Herbert,1964-06-25,British,United Kingdom,55.378051,-3.435973
66,Allan,McNish,1969-12-29,British,United Kingdom,55.378051,-3.435973
67,Sébastien,Buemi,1988-10-31,Swiss,Switzerland,46.818188,8.227512
68,Toranosuke,Takagi,1974-02-12,Japanese,Japan,36.204824,138.252924
69,Luca,Badoer,1971-01-25,Italian,Italy,41.87194,12.56738
70,Alessandro,Zanardi,1966-10-23,Italian,Italy,41.87194,12.56738
71,Damon,Hill,1960-09-17,British,United Kingdom,55.378051,-3.435973
72,Stéphane,Sarrazin,1975-11-02,French,France,46.227638,2.213749
73,Ricardo,Rosset,1968-07-27,Brazilian,Brazil,-14.235004,-51.92528
74,Esteban,Tuero,1978-04-22,Argentine,Argentina,-38.416097,-63.616672
75,Shinji,Nakano,1971-04-01,Japanese,Japan,36.204824,138.252924
76,Jan,Magnussen,1973-07-04,Danish,Denmark,56.26392,9.501785
77,Gerhard,Berger,1959-08-27,Austrian,Austria,47.516231,14.550072
78,Nicola,Larini,1964-03-19,Italian,Italy,41.87194,12.56738
79,Ukyo,Katayama,1963-05-29,Japanese,Japan,36.204824,138.252924
80,Vincenzo,Sospiri,1966-10-07,Italian,Italy,41.87194,12.56738
81,Gianni,Morbidelli,1968-01-13,Italian,Italy,41.87194,12.56738
82,Norberto,Fontana,1975-01-20,Argentine,Argentina,-38.416097,-63.616672
83,Pedro,Lamy,1972-03-20,Portuguese,Portugal,39.399872,-8.224454
84,Martin,Brundle,1959-06-01,British,United Kingdom,55.378051,-3.435973
85,Andrea,Montermini,1964-05-30,Italian,Italy,41.87194,12.56738
86,Giovanni,Lavaggi,1958-02-18,Italian,Italy,41.87194,12.56738
87,Mark,Blundell,1966-04-08,British,United Kingdom,55.378051,-3.435973
88,Aguri,Suzuki,1960-09-08,Japanese,Japan,36.204824,138.252924
89,Taki,Inoue,1963-09-05,Japanese,Japan,36.204824,138.252924
90,Roberto,Moreno,1959-02-11,Brazilian,Brazil,-14.235004,-51.92528
91,Karl,Wendlinger,1968-12-20,Austrian,Austria,47.516231,14.550072
92,Bertrand,Gachot,1962-12-23,Belgian,Belgium,50.503887,4.469936
93,Domenico,Schiattarella,1967-11-17,Italian,Italy,41.87194,12.56738
94,Pierluigi,Martini,1961-04-23,Italian,Italy,41.87194,12.56738
95,Nigel,Mansell,1953-08-08,British,United Kingdom,55.378051,-3.435973
96,Jean-Christophe,Boullion,1969-12-27,French,France,46.227638,2.213749
97,Massimiliano,Papis,1969-10-03,Italian,Italy,41.87194,12.56738
98,Jean-Denis,Délétraz,1963-10-01,Swiss,Switzerland,46.818188,8.227512
99,Gabriele,Tarquini,1962-03-02,Italian,Italy,41.87194,12.56738
100,Érik,Comas,1963-09-28,French,France,46.227638,2.213749
101,David,Brabham,1965-09-05,Australian,Australia,-25.274398,133.775136
102,Ayrton,Senna,1960-03-21,Brazilian,Brazil,-14.235004,-51.92528
103,Éric,Bernard,1964-08-24,French,France,46.227638,2.213749
104,Christian,Fittipaldi,1971-01-18,Brazilian,Brazil,-14.235004,-51.92528
105,Michele,Alboreto,1956-12-23,Italian,Italy,41.87194,12.56738
106,Olivier,Beretta,1969-11-23,Monegasque,Monaco,43.750298,7.412841
107,Roland,Ratzenberger,1960-07-04,Austrian,Austria,47.516231,14.550072
108,Paul,Belmondo,1963-04-23,French,France,46.227638,2.213749
109,Jyrki,Järvilehto,1966-01-31,Finnish,Finland,61.92411,25.748151
110,Andrea,de Cesaris,1959-05-31,Italian,Italy,41.87194,12.56738
111,Jean-Marc,Gounon,1963-01-01,French,France,46.227638,2.213749
112,Philippe,Alliot,1954-07-27,French,France,46.227638,2.213749
113,Philippe,Adams,1969-11-19,Belgian,Belgium,50.503887,4.469936
114,Yannick,Dalmas,1961-07-28,French,France,46.227638,2.213749
115,Hideki,Noda,1969-03-07,Japanese,Japan,36.204824,138.252924
116,Franck,Lagorce,1968-09-01,French,France,46.227638,2.213749
117,Alain,Prost,1955-02-24,French,France,46.227638,2.213749
118,Derek,Warwick,1954-08-27,British,United Kingdom,55.378051,-3.435973
119,Riccardo,Patrese,1954-04-17,Italian,Italy,41.87194,12.56738
120,Fabrizio,Barbazza,1963-04-02,Italian,Italy,41.87194,12.56738
121,Michael,Andretti,1962-10-05,American,United States,37.09024,-95.712891
122,Ivan,Capelli,1963-05-24,Italian,Italy,41.87194,12.56738
123,Thierry,Boutsen,1957-07-13,Belgian,Belgium,50.503887,4.469936
124,Marco,Apicella,1965-10-07,Italian,Italy,41.87194,12.56738
125,Emanuele,Naspetti,1968-02-24,Italian,Italy,41.87194,12.56738
126,Toshio,Suzuki,1955-03-10,Japanese,Japan,36.204824,138.252924
127,Maurício,Gugelmin,1963-04-20,Brazilian,Brazil,-14.235004,-51.92528
128,Eric,van de Poele,1961-09-30,Belgian,Belgium,50.503887,4.469936
129,Olivier,Grouillard,1958-09-02,French,France,46.227638,2.213749
130,Andrea,Chiesa,1964-05-06,Swiss,Switzerland,46.818188,8.227512
131,Stefano,Modena,1963-05-12,Italian,Italy,41.87194,12.56738
132,Giovanna,Amati,1959-07-20,Italian,Italy,41.87194,12.56738
133,Alex,Caffi,1964-03-18,Italian,Italy,41.87194,12.56738
134,Enrico,Bertaggia,1964-09-19,Italian,Italy,41.87194,12.56738
135,Perry,McCarthy,1961-03-03,British,United Kingdom,55.378051,-3.435973
136,Jan,Lammers,1956-06-02,Dutch,Netherlands,52.132633,5.291266
137,Nelson,Piquet,1952-08-17,Brazilian,Brazil,-14.235004,-51.92528
138,Satoru,Nakajima,1953-02-23,Japanese,Japan,36.204824,138.252924
139,Emanuele,Pirro,1962-01-12,Italian,Italy,41.87194,12.56738
140,Stefan,Johansson,1956-09-08,Swedish,Sweden,60.128161,18.643501
141,Julian,Bailey,1961-10-09,British,United Kingdom,55.378051,-3.435973
142,Pedro,Chaves,1965-02-27,Portuguese,Portugal,39.399872,-8.224454
143,Michael,Bartels,1968-03-08,German,Germany,51.165691,10.451526
144,Naoki,Hattori,1966-06-13,Japanese,Japan,36.204824,138.252924
145,Alessandro,Nannini,1959-07-07,Italian,Italy,41.87194,12.56738
146,Bernd,Schneider,1964-07-20,German,Germany,51.165691,10.451526
147,Paolo,Barilla,1961-04-20,Italian,Italy,41.87194,12.56738
148,Gregor,Foitek,1965-03-27,Swiss,Switzerland,46.818188,8.227512
149,Claudio,Langes,1960-07-20,Italian,Italy,41.87194,12.56738
150,Gary,Brabham,1961-03-29,Australian,Australia,-25.274398,133.775136
151,Martin,Donnelly,1964-03-26,British,United Kingdom,55.378051,-3.435973
152,Bruno,Giacomelli,1952-09-10,Italian,Italy,41.87194,12.56738
153,Jaime,Alguersuari,1990-03-23,Spanish,Spain,40.463667,-3.74922
154,Romain,Grosjean,1986-04-17,French,France,46.227638,2.213749
155,Kamui,Kobayashi,1986-09-13,Japanese,Japan,36.204824,138.252924
156,Jonathan,Palmer,1956-11-07,British,United Kingdom,55.378051,-3.435973
157,Christian,Danner,1958-04-04,German,Germany,51.165691,10.451526
158,Eddie,Cheever,1958-01-10,American,United States,37.09024,-95.712891
159,Luis,Pérez-Sala,1959-05-15,Spanish,Spain,40.463667,-3.74922
160,Piercarlo,Ghinzani,1952-01-16,Italian,Italy,41.87194,12.56738
161,Volker,Weidler,1962-03-18,German,Germany,51.165691,10.451526
162,Pierre-Henri,Raphanel,1961-05-27,French,France,46.227638,2.213749
163,René,Arnoux,1948-07-04,French,France,46.227638,2.213749
164,Joachim,Winkelhock,1960-10-24,German,Germany,51.165691,10.451526
165,Oscar,Larrauri,1954-08-19,Argentine,Argentina,-38.416097,-63.616672
166,Philippe,Streiff,1955-06-26,French,France,46.227638,2.213749
167,Adrián,Campos,1960-06-17,Spanish,Spain,40.463667,-3.74922
168,Jean-Louis,Schlesser,1948-09-12,French,France,46.227638,2.213749
169,Pascal,Fabre,1960-01-09,French,France,46.227638,2.213749
170,Teo,Fabi,1955-03-09,Italian,Italy,41.87194,12.56738
171,Franco,Forini,1958-09-22,Swiss,Switzerland,46.818188,8.227512
172,Jacques,Laffite,1943-11-21,French,France,46.227638,2.213749
173,Elio,de Angelis,1958-03-26,Italian,Italy,41.87194,12.56738
174,Johnny,Dumfries,1958-04-26,British,United Kingdom,55.378051,-3.435973
175,Patrick,Tambay,1949-06-25,French,France,46.227638,2.213749
176,Marc,Surer,1951-09-18,Swiss,Switzerland,46.818188,8.227512
177,Keke,Rosberg,1948-12-06,Finnish,Finland,61.92411,25.748151
178,Alan,Jones,1946-11-02,Australian,Australia,-25.274398,133.775136
179,Huub,Rothengatter,1954-10-08,Dutch,Netherlands,52.132633,5.291266
180,Allen,Berg,1961-08-01,Canadian,Canada,56.130366,-106.346771
181,Manfred,Winkelhock,1951-10-06,German,Germany,51.165691,10.451526
182,Niki,Lauda,1949-02-22,Austrian,Austria,47.516231,14.550072
183,François,Hesnault,1956-12-30,French,France,46.227638,2.213749
184,Mauro,Baldi,1954-01-31,Italian,Italy,41.87194,12.56738
185,Stefan,Bellof,1957-11-20,German,Germany,51.165691,10.451526
186,Kenny,Acheson,1957-11-27,British,United Kingdom,55.378051,-3.435973
187,John,Watson,1946-05-04,British,United Kingdom,55.378051,-3.435973
188,Johnny,Cecotto,1956-01-25,Venezuelan,Venezuela,6.42375,-66.58973
189,Jo,Gartner,1954-01-24,Austrian,Austria,47.516231,14.550072
190,Corrado,Fabi,1961-04-12,Italian,Italy,41.87194,12.56738
191,Mike,Thackwell,1961-03-30,New Zealander,New Zealand,-40.900557,174.885971
192,Chico,Serra,1957-02-03,Brazilian,Brazil,-14.235004,-51.92528
193,Danny,Sullivan,1950-03-09,American,United States,37.09024,-95.712891
194,Eliseo,Salazar,1954-11-14,Chilean,Chile,-35.675147,-71.542969
195,Roberto,Guerrero,1958-11-16,Colombian,Colombia,4.570868,-74.297333
196,Raul,Boesel,1957-12-04,Brazilian,Brazil,-14.235004,-51.92528
197,Jean-Pierre,Jarier,1946-07-10,French,France,46.227638,2.213749
198,Jacques,Villeneuve Sr.,1953-11-04,Canadian,Canada,56.130366,-106.346771
199,Carlos,Reutemann,1942-04-12,Argentine,Argentina,-38.416097,-63.616672
200,Jochen,Mass,1946-09-30,German,Germany,51.165691,10.451526
201,Slim,Borgudd,1946-11-25,Swedish,Sweden,60.128161,18.643501
202,Didier,Pironi,1952-03-26,French,France,46.227638,2.213749
203,Gilles,Villeneuve,1950-01-18,Canadian,Canada,56.130366,-106.346771
204,Riccardo,Paletti,1958-06-15,Italian,Italy,41.87194,12.56738
205,Brian,Henton,1946-09-19,British,United Kingdom,55.378051,-3.435973
206,Derek,Daly,1953-03-11,Irish,Ireland,53.41291,-8.24389
207,Mario,Andretti,1940-02-28,American,United States,37.09024,-95.712891
208,Emilio,de Villota,1946-07-26,Spanish,Spain,40.463667,-3.74922
209,Geoff,Lees,1951-05-01,British,United Kingdom,55.378051,-3.435973
210,Tommy,Byrne,1958-05-06,Irish,Ireland,53.41291,-8.24389
211,Rupert,Keegan,1955-02-26,British,United Kingdom,55.378051,-3.435973
212,Hector,Rebaque,1956-02-05,Mexican,Mexico,23.634501,-102.552784
213,Beppe,Gabbiani,1957-01-02,Italian,Italy,41.87194,12.56738
214,Kevin,Cogan,1956-03-31,American,United States,37.09024,-95.712891
215,Miguel Ángel,Guerra,1953-08-31,Argentine,Argentina,-38.416097,-63.616672
216,Siegfried,Stohr,1952-10-10,Italian,Italy,41.87194,12.56738
217,Ricardo,Zunino,1949-04-13,Argentine,Argentina,-38.416097,-63.616672
218,Ricardo,Londoño,1949-08-08,Colombian,Colombia,4.570868,-74.297333
219,Jean-Pierre,Jabouille,1942-10-01,French,France,46.227638,2.213749
220,Giorgio,Francia,1947-11-08,Italian,Italy,41.87194,12.56738
221,Patrick,Depailler,1944-08-09,French,France,46.227638,2.213749
222,Jody,Scheckter,1950-01-29,South African,South Africa,-30.559482,22.937506
223,Clay,Regazzoni,1939-09-05,Swiss,Switzerland,46.818188,8.227512
224,Emerson,Fittipaldi,1946-12-12,Brazilian,Brazil,-14.235004,-51.92528
225,Dave,Kennedy,1953-01-15,Irish,Ireland,53.41291,-8.24389
226,Stephen,South,1952-02-19,British,United Kingdom,55.378051,-3.435973
227,Tiff,Needell,1951-10-29,British,United Kingdom,55.378051,-3.435973
228,Desiré,Wilson,1953-11-26,South African,South Africa,-30.559482,22.937506
229,Harald,Ertl,1948-08-31,Austrian,Austria,47.516231,14.550072
230,Vittorio,Brambilla,1937-11-11,Italian,Italy,41.87194,12.56738
231,James,Hunt,1947-08-29,British,United Kingdom,55.378051,-3.435973
232,Arturo,Merzario,1943-03-11,Italian,Italy,41.87194,12.56738
233,Hans-Joachim,Stuck,1951-01-01,German,Germany,51.165691,10.451526
234,Gianfranco,Brancatelli,1950-01-18,Italian,Italy,41.87194,12.56738
235,Jacky,Ickx,1945-01-01,Belgian,Belgium,50.503887,4.469936
236,Patrick,Gaillard,1952-02-12,French,France,46.227638,2.213749
237,Alex,Ribeiro,1948-11-07,Brazilian,Brazil,-14.235004,-51.92528
238,Ronnie,Peterson,1944-02-14,Swedish,Sweden,60.128161,18.643501
239,Brett,Lunger,1945-11-14,American,United States,37.09024,-95.712891
240,Danny,Ongais,1942-05-21,American,United States,37.09024,-95.712891
241,Lamberto,Leoni,1953-05-24,Italian,Italy,41.87194,12.56738
242,Divina,Galica,1944-08-13,British,United Kingdom,55.378051,-3.435973
243,Rolf,Stommelen,1943-07-11,German,Germany,51.165691,10.451526
244,Alberto,Colombo,1946-02-23,Italian,Italy,41.87194,12.56738
245,Tony,Trimmer,1943-01-24,British,United Kingdom,55.378051,-3.435973
246,Hans,Binder,1948-06-12,Austrian,Austria,47.516231,14.550072
247,Michael,Bleekemolen,1949-10-02,Dutch,Netherlands,52.132633,5.291266
248,Carlo,Franchi,1938-01-01,Italian,Italy,41.87194,12.56738
249,Bobby,Rahal,1953-01-10,American,United States,37.09024,-95.712891
250,Carlos,Pace,1944-10-06,Brazilian,Brazil,-14.235004,-51.92528
251,Ian,Scheckter,1947-08-22,South African,South Africa,-30.559482,22.937506
252,Tom,Pryce,1949-06-11,British,United Kingdom,55.378051,-3.435973
253,Ingo,Hoffmann,1953-02-28,Brazilian,Brazil,-14.235004,-51.92528
254,Renzo,Zorzi,1946-12-12,Italian,Italy,41.87194,12.56738
255,Gunnar,Nilsson,1948-11-20,Swedish,Sweden,60.128161,18.643501
256,Larry,Perkins,1950-03-18,Australian,Australia,-25.274398,133.775136
257,Boy,Lunger,1949-05-03,Dutch,Netherlands,52.132633,5.291266
258,Patrick,Nève,1949-10-13,Belgian,Belgium,50.503887,4.469936
259,David,Purley,1945-01-26,British,United Kingdom,55.378051,-3.435973
260,Conny,Andersson,1939-12-28,Swedish,Sweden,60.128161,18.643501
261,Bernard,de Dryver,1952-09-19,Belgian,Belgium,50.503887,4.469936
262,Jackie,Oliver,1942-08-14,British,United Kingdom,55.378051,-3.435973
263,Mikko,Kozarowitzky,1948-05-17,Finnish,Finland,61.92411,25.748151
264,Andy,Sutcliffe,1947-05-09,British,United Kingdom,55.378051,-3.435973
265,Guy,Edwards,1942-12-30,British,United Kingdom,55.378051,-3.435973
266,Brian,McGuire,1945-12-13,Australian,Australia,-25.274398,133.775136
267,Vern,Schuppan,1943-03-19,Australian,Australia,-25.274398,133.775136
268,Hans,Heyer,1943-03-16,German,Germany,51.165691,10.451526
269,Teddy,Pilette,1942-07-26,Belgian,Belgium,50.503887,4.469936
270,Ian,Ashley,1947-10-26,British,United Kingdom,55.378051,-3.435973
271,Loris,Kessel,1950-04-01,Swiss,Switzerland,46.818188,8.227512
272,Kunimitsu,Takahashi,1940-01-29,Japanese,Japan,36.204824,138.252924
273,Kazuyoshi,Hoshino,1947-07-01,Japanese,Japan,36.204824,138.252924
274,Noritake,Takahara,1951-06-06,Japanese,Japan,36.204824,138.252924
275,Lella,Lombardi,1941-03-26,Italian,Italy,41.87194,12.56738
276,Bob,Evans,1947-06-11,British,United Kingdom,55.378051,-3.435973
277,Michel,Leclère,1946-03-18,French,France,46.227638,2.213749
278,Chris,Amon,1943-07-20,New Zealander,New Zealand,-40.900557,174.885971
279,Emilio,Zapico,1944-05-27,Spanish,Spain,40.463667,-3.74922
280,Henri,Pescarolo,1942-09-25,French,France,46.227638,2.213749
281,Jac,Nelleman,1944-04-19,Danish,Denmark,56.26392,9.501785
282,Damien,Magee,1945-11-17,British,United Kingdom,55.378051,-3.435973
283,Mike,Wilds,1946-01-07,British,United Kingdom,55.378051,-3.435973
284,Alessandro,Pesenti-Rossi,1942-08-31,Italian,Italy,41.87194,12.56738
285,Otto,Stuppacher,1947-03-03,Austrian,Austria,47.516231,14.550072
286,Warwick,Brown,1949-12-24,Australian,Australia,-25.274398,133.775136
287,Masahiro,Hasemi,1945-11-13,Japanese,Japan,36.204824,138.252924
288,Mark,Donohue,1937-03-18,American,United States,37.09024,-95.712891
289,Graham,Hill,1929-02-15,British,United Kingdom,55.378051,-3.435973
290,Wilson,Fittipaldi,1943-12-25,Brazilian,Brazil,-14.235004,-51.92528
291,Guy,Tunmer,1948-12-01,South African,South Africa,-30.559482,22.937506
292,Eddie,Keizan,1944-09-12,South African,South Africa,-30.559482,22.937506
293,Dave,Charlton,1936-10-27,South African,South Africa,-30.559482,22.937506
294,Tony,Brise,1952-03-28,British,United Kingdom,55.378051,-3.435973
295,Roelof,Wunderink,1948-12-12,Dutch,Netherlands,52.132633,5.291266
296,François,Migault,1944-12-04,French,France,46.227638,2.213749
297,Torsten,Palm,1947-07-23,Swedish,Sweden,60.128161,18.643501
298,Gijs,van Lennep,1942-03-16,Dutch,Netherlands,52.132633,5.291266
299,Hiroshi,Fushida,1946-03-10,Japanese,Japan,36.204824,138.252924
300,John,Nicholson,1941-10-06,New Zealander,New Zealand,-40.900557,174.885971
301,Dave,Morgan,1944-08-07,British,United Kingdom,55.378051,-3.435973
302,Jim,Crawford,1948-02-13,British,United Kingdom,55.378051,-3.435973
303,Jo,Vonlanthen,1942-05-31,Swiss,Switzerland,46.818188,8.227512
304,Denny,Hulme,1936-06-18,New Zealander,New Zealand,-40.900557,174.885971
305,Mike,Hailwood,1940-04-02,British,United Kingdom,55.378051,-3.435973
306,Jean-Pierre,Beltoise,1937-04-26,French,France,46.227638,2.213749
307,Howden,Ganley,1941-12-24,New Zealander,New Zealand,-40.900557,174.885971
308,Richard,Robarts,1944-09-22,British,United Kingdom,55.378051,-3.435973
309,Peter,Revson,1939-02-27,American,United States,37.09024,-95.712891
310,Paddy,Driver,1934-05-13,South African,South Africa,-30.559482,22.937506
311,Tom,Belsø,1942-08-27,Danish,Denmark,56.26392,9.501785
312,Brian,Redman,1937-03-09,British,United Kingdom,55.378051,-3.435973
314,Tim,Schenken,1943-09-26,Australian,Australia,-25.274398,133.775136
315,Gérard,Larrousse,1940-05-23,French,France,46.227638,2.213749
316,Leo,Kinnunen,1943-08-05,Finnish,Finland,61.92411,25.748151
317,Reine,Wisell,1941-09-30,Swedish,Sweden,60.128161,18.643501
318,Bertil,Roos,1943-10-12,Swedish,Sweden,60.128161,18.643501
319,José,Dolhem,1944-04-26,French,France,46.227638,2.213749
320,Peter,Gethin,1940-02-21,British,United Kingdom,55.378051,-3.435973
321,Derek,Bell,1941-10-31,British,United Kingdom,55.378051,-3.435973
322,David,Hobbs,1939-06-09,British,United Kingdom,55.378051,-3.435973
323,Dieter,Quester,1939-05-30,Austrian,Austria,47.516231,14.550072
324,Helmuth,Koinigg,1948-11-03,Austrian,Austria,47.516231,14.550072
325,Carlo,Facetti,1935-06-26,Italian,Italy,41.87194,12.56738
326,Eppie,Wietzes,1938-05-28,Canadian,Canada,56.130366,-106.346771
327,François,Cevert,1944-02-25,French,France,46.227638,2.213749
328,Jackie,Stewart,1939-06-11,British,United Kingdom,55.378051,-3.435973
329,Mike,Beuttler,1940-04-13,British,United Kingdom,55.378051,-3.435973
330,Nanni,Galli,1940-10-02,Italian,Italy,41.87194,12.56738
331,Luiz,Bueno,1937-01-16,Brazilian,Brazil,-14.235004,-51.92528
332,George,Follmer,1934-01-27,American,United States,37.09024,-95.712891
333,Andrea,de Adamich,1941-10-03,Italian,Italy,41.87194,12.56738
334,Jackie,Pretorius,1934-11-22,South African,South Africa,-30.559482,22.937506
335,Roger,Williamson,1948-02-02,British,United Kingdom,55.378051,-3.435973
336,Graham,McRae,1940-03-05,New Zealander,New Zealand,-40.900557,174.885971
337,Helmut,Marko,1943-04-27,Austrian,Austria,47.516231,14.550072
338,David,Walker,1941-06-10,Australian,Australia,-25.274398,133.775136
339,Alex,Soler-Roig,1932-10-29,Spanish,Spain,40.463667,-3.74922
341,John,Surtees,1934-02-11,British,United Kingdom,55.378051,-3.435973
342,Skip,Barber,1936-11-16,American,United States,37.09024,-95.712891
343,Bill,Brack,1935-12-26,Canadian,Canada,56.130366,-106.346771
344,Sam,Posey,1944-05-26,American,United States,37.09024,-95.712891
345,Pedro,Rodríguez,1940-01-18,Mexican,Mexico,23.634501,-102.552784
346,Jo,Siffert,1936-07-07,Swiss,Switzerland,46.818188,8.227512
347,Jo,Bonnier,1930-01-31,Swedish,Sweden,60.128161,18.643501
348,François,Mazet,1943-02-24,French,France,46.227638,2.213749
349,Max,Jean,1943-07-27,French,France,46.227638,2.213749
350,Vic,Elford,1935-06-10,British,United Kingdom,55.378051,-3.435973
351,Silvio,Moser,1941-04-24,Swiss,Switzerland,46.818188,8.227512
352,George,Eaton,1945-11-12,Canadian,Canada,56.130366,-106.346771
353,Pete,Lovely,1926-04-11,American,United States,37.09024,-95.712891
354,Chris,Craft,1939-11-17,British,United Kingdom,55.378051,-3.435973
355,John,Cannon,1933-06-21,Canadian,Canada,56.130366,-106.346771
356,Jack,Brabham,1926-04-02,Australian,Australia,-25.274398,133.775136
357,John,Miles,1943-06-14,British,United Kingdom,55.378051,-3.435973
358,Jochen,Rindt,1942-04-18,Austrian,Austria,47.516231,14.550072
359,Johnny,Servoz-Gavin,1942-01-18,French,France,46.227638,2.213749
360,Bruce,McLaren,1937-08-30,New Zealander,New Zealand,-40.900557,174.885971
361,Piers,Courage,1942-05-27,British,United Kingdom,55.378051,-3.435973
362,Peter,de Klerk,1935-03-16,South African,South Africa,-30.559482,22.937506
363,Ignazio,Giunti,1941-08-30,Italian,Italy,41.87194,12.56738
364,Dan,Gurney,1931-04-13,American,United States,37.09024,-95.712891
365,Hubert,Hahne,1935-03-28,German,Germany,51.165691,10.451526
366,Gus,Hutchison,1937-04-26,American,United States,37.09024,-95.712891
367,Peter,Westbury,1938-05-26,British,United Kingdom,55.378051,-3.435973
369,Basil,van Rooyen,1939-04-19,South African,South Africa,-30.559482,22.937506
370,Richard,Attwood,1940-04-04,British,United Kingdom,55.378051,-3.435973
371,Al,Pease,1921-10-15,Canadian,Canada,56.130366,-106.346771
372,John,Cordts,1935-07-23,Canadian,Canada,56.130366,-106.346771
373,Jim,Clark,1936-03-04,British,United Kingdom,55.378051,-3.435973
374,Mike,Spence,1936-12-30,British,United Kingdom,55.378051,-3.435973
375,Ludovico,Scarfiotti,1933-10-18,Italian,Italy,41.87194,12.56738
376,Lucien,Bianchi,1934-11-10,Belgian,Belgium,50.503887,4.469936
377,Jo,Schlesser,1928-05-18,French,France,46.227638,2.213749
378,Robin,Widdows,1942-05-27,British,United Kingdom,55.378051,-3.435973
379,Kurt,Ahrens,1940-04-19,German,Germany,51.165691,10.451526
380,Frank,Gardner,1930-10-01,Australian,Australia,-25.274398,133.775136
381,Bobby,Unser,1934-02-20,American,United States,37.09024,-95.712891
382,Moisés,Solana,1935-12-26,Mexican,Mexico,23.634501,-102.552784
383,Bob,Anderson,1931-05-19,British,United Kingdom,55.378051,-3.435973
384,Luki,Botha,1930-01-16,South African,South Africa,-30.559482,22.937506
385,Lorenzo,Bandini,1935-12-21,Italian,Italy,41.87194,12.56738
386,Richie,Ginther,1930-08-05,American,United States,37.09024,-95.712891
387,Mike,Parkes,1931-09-24,British,United Kingdom,55.378051,-3.435973
388,Chris,Irwin,1942-06-27,British,United Kingdom,55.378051,-3.435973
389,Guy,Ligier,1930-07-12,French,France,46.227638,2.213749
390,Alan,Rees,1938-01-12,British,United Kingdom,55.378051,-3.435973
391,Brian,Hart,1936-09-07,British,United Kingdom,55.378051,-3.435973
392,Mike,Fisher,1943-03-13,American,United States,37.09024,-95.712891
393,Tom,Jones,1943-04-26,American,United States,37.09024,-95.712891
394,Giancarlo,Baghetti,1934-12-25,Italian,Italy,41.87194,12.56738
395,Jonathan,Williams,1942-10-26,British,United Kingdom,55.378051,-3.435973
396,Bob,Bondurant,1933-04-27,American,United States,37.09024,-95.712891
397,Peter,Arundell,1933-11-08,British,United Kingdom,55.378051,-3.435973
398,Vic,Wilson,1931-04-14,British,United Kingdom,55.378051,-3.435973
399,John,Taylor,1933-03-23,British,United Kingdom,55.378051,-3.435973
400,Chris,Lawrence,1933-07-27,British,United Kingdom,55.378051,-3.435973
401,Trevor,Taylor,1936-12-26,British,United Kingdom,55.378051,-3.435973
402,Giacomo,Russo,1937-10-23,Italian,Italy,41.87194,12.56738
403,Phil,Hill,1927-04-20,American,United States,37.09024,-95.712891
404,Innes,Ireland,1930-06-12,British,United Kingdom,55.378051,-3.435973
405,Ronnie,Bucknum,1936-04-05,American,United States,37.09024,-95.712891
406,Paul,Hawkins,1937-10-12,Australian,Australia,-25.274398,133.775136
407,David,Prophet,1937-10-09,British,United Kingdom,55.378051,-3.435973
408,Tony,Maggs,1937-02-09,South African,South Africa,-30.559482,22.937506
409,Trevor,Blokdyk,1935-11-30,South African,South Africa,-30.559482,22.937506
410,Neville,Lederle,1938-09-25,South African,South Africa,-30.559482,22.937506
411,Doug,Serrurier,1920-12-09,South African,South Africa,-30.559482,22.937506
412,Brausch,Niemann,1939-01-07,South African,South Africa,-30.559482,22.937506
413,Ernie,Pieterse,1938-07-04,South African,South Africa,-30.559482,22.937506
415,Ray,Reed,1932-04-30,South African,South Africa,-30.559482,22.937506
416,David,Clapham,1931-05-18,South African,South Africa,-30.559482,22.937506
417,Alex,Blignaut,1932-11-30,South African,South Africa,-30.559482,22.937506
418,Masten,Gregory,1932-02-29,American,United States,37.09024,-95.712891
419,John,Rhodes,1927-08-18,British,United Kingdom,55.378051,-3.435973
420,Ian,Raby,1921-09-22,British,United Kingdom,55.378051,-3.435973
421,Alan,Rollinson,1943-05-15,British,United Kingdom,55.378051,-3.435973
422,Brian,Gubby,1934-04-17,British,United Kingdom,55.378051,-3.435973
423,Gerhard,Mitter,1935-08-30,German,Germany,51.165691,10.451526
424,Roberto,Bussinello,1927-10-04,Italian,Italy,41.87194,12.56738
425,Nino,Vaccarella,1933-03-04,Italian,Italy,41.87194,12.56738
426,Giorgio,Bassi,1934-01-20,Italian,Italy,41.87194,12.56738
427,Maurice,Trintignant,1917-10-30,French,France,46.227638,2.213749
428,Bernard,Collomb,1930-10-07,French,France,46.227638,2.213749
429,André,Pilette,1918-10-06,Belgian,Belgium,50.503887,4.469936
430,Carel Godin,de Beaufort,1934-04-10,Dutch,Netherlands,52.132633,5.291266
431,Edgar,Barth,1917-01-26,German,Germany,51.165691,10.451526
432,Mário de Araújo,Cabral,1934-01-15,Portuguese,Portugal,39.399872,-8.224454
433,Walt,Hansgen,1919-10-28,American,United States,37.09024,-95.712891
434,Hap,Sharp,1928-01-01,American,United States,37.09024,-95.712891
435,Willy,Mairesse,1928-10-01,Belgian,Belgium,50.503887,4.469936
436,John,Campbell-Jones,1930-01-21,British,United Kingdom,55.378051,-3.435973
437,Ian,Burgess,1930-07-06,British,United Kingdom,55.378051,-3.435973
438,Tony,Settember,1926-07-10,American,United States,37.09024,-95.712891
439,Nasif,Estéfano,1932-11-18,Argentine,Argentina,-38.416097,-63.616672
440,Jim,Hall,1935-07-23,American,United States,37.09024,-95.712891
441,Tim,Parnell,1932-06-25,British,United Kingdom,55.378051,-3.435973
442,Kurt,Kuhnke,1910-04-30,German,Germany,51.165691,10.451526
443,Ernesto,Brambilla,1934-01-31,Italian,Italy,41.87194,12.56738
444,Roberto,Lippi,1926-10-17,Italian,Italy,41.87194,12.56738
445,Günther,Seiffert,1937-10-18,German,Germany,51.165691,10.451526
446,Carlo,Abate,1932-07-10,Italian,Italy,41.87194,12.56738
447,Gaetano,Starrabba,1932-12-03,Italian,Italy,41.87194,12.56738
448,Peter,Broeker,1926-05-15,Canadian,Canada,56.130366,-106.346771
449,Rodger,Ward,1921-01-10,American,United States,37.09024,-95.712891
450,Ernie,de Vos,1941-07-01,Dutch,Netherlands,52.132633,5.291266
451,Frank,Dochnal,1920-10-08,American,United States,37.09024,-95.712891
452,Thomas,Monarch,1945-09-03,American,United States,37.09024,-95.712891
842,Pierre,Gasly,1996-02-07,French,France,46.227638,2.213749
453,Jackie,Lewis,1936-11-01,British,United Kingdom,55.378051,-3.435973
454,Ricardo,Rodríguez,1942-02-14,Mexican,Mexico,23.634501,-102.552784
455,Wolfgang,Seidel,1926-07-04,German,Germany,51.165691,10.451526
456,Roy,Salvadori,1922-05-12,British,United Kingdom,55.378051,-3.435973
457,Ben,Pon,1936-12-09,Dutch,Netherlands,52.132633,5.291266
458,Rob,Slotemaker,1929-06-13,Dutch,Netherlands,52.132633,5.291266
459,Tony,Marsh,1931-07-20,British,United Kingdom,55.378051,-3.435973
460,Gerry,Ashmore,1936-07-25,British,United Kingdom,55.378051,-3.435973
461,Heinz,Schiller,1930-01-25,Swiss,Switzerland,46.818188,8.227512
462,Colin,Davis,1933-07-29,British,United Kingdom,55.378051,-3.435973
463,Jay,Chamberlain,1925-12-29,American,United States,37.09024,-95.712891
464,Tony,Shelly,1937-02-02,New Zealander,New Zealand,-40.900557,174.885971
465,Keith,Greene,1938-01-05,British,United Kingdom,55.378051,-3.435973
466,Heini,Walter,1927-07-28,Swiss,Switzerland,46.818188,8.227512
467,Ernesto,Prinoth,1923-04-15,Italian,Italy,41.87194,12.56738
468,Roger,Penske,1937-02-20,American,United States,37.09024,-95.712891
469,Rob,Schroeder,1926-05-11,British,United Kingdom,55.378051,-3.435973
470,Timmy,Mayer,1938-02-22,American,United States,37.09024,-95.712891
471,Bruce,Johnstone,1937-01-30,South African,South Africa,-30.559482,22.937506
472,Mike,Harris,1939-05-25,South African,South Africa,-30.559482,22.937506
474,Syd,van der Vyver,1920-06-01,South African,South Africa,-30.559482,22.937506
475,Stirling,Moss,1929-09-17,British,United Kingdom,55.378051,-3.435973
476,Wolfgang,von Trips,1928-05-04,German,Germany,51.165691,10.451526
477,Cliff,Allison,1932-02-08,British,United Kingdom,55.378051,-3.435973
478,Hans,Herrmann,1928-02-23,German,Germany,51.165691,10.451526
479,Tony,Brooks,1932-02-25,British,United Kingdom,55.378051,-3.435973
480,Michael,May,1934-08-18,Swiss,Switzerland,46.818188,8.227512
481,Henry,Taylor,1932-12-16,British,United Kingdom,55.378051,-3.435973
482,Olivier,Gendebien,1924-01-12,Belgian,Belgium,50.503887,4.469936
483,Giorgio,Scarlatti,1921-10-02,Italian,Italy,41.87194,12.56738
484,Brian,Naylor,1923-03-24,British,United Kingdom,55.378051,-3.435973
485,Juan Manuel,Bordeu,1934-01-28,Argentine,Argentina,-38.416097,-63.616672
486,Jack,Fairman,1913-03-15,British,United Kingdom,55.378051,-3.435973
487,Massimo,Natili,1935-07-28,Italian,Italy,41.87194,12.56738
488,Peter,Monteverdi,1934-06-07,Swiss,Switzerland,46.818188,8.227512
489,Renato,Pirocchi,1933-03-26,Italian,Italy,41.87194,12.56738
490,Geoff,Duke,1923-03-29,British,United Kingdom,55.378051,-3.435973
491,Alfonso,Thiele,1920-04-05,Italian,Italy,41.87194,12.56738
492,Menato,Boffa,1930-01-04,Italian,Italy,41.87194,12.56738
493,Peter,Ryan,1940-06-10,Canadian,Canada,56.130366,-106.346771
494,Lloyd,Ruby,1928-01-12,American,United States,37.09024,-95.712891
495,Ken,Miles,1918-11-01,British,United Kingdom,55.378051,-3.435973
496,Carlos,Menditeguy,1914-08-10,Argentine,Argentina,-38.416097,-63.616672
497,Alberto Rodriguez,Larreta,1934-01-14,Argentine,Argentina,-38.416097,-63.616672
498,José Froilán,González,1922-10-05,Argentine,Argentina,-38.416097,-63.616672
499,Roberto,Bonomi,1919-09-30,Argentine,Argentina,-38.416097,-63.616672
500,Gino,Munaron,1928-04-02,Italian,Italy,41.87194,12.56738
501,Harry,Schell,1921-06-29,American,United States,37.09024,-95.712891
502,Alan,Stacey,1933-08-29,British,United Kingdom,55.378051,-3.435973
503,Ettore,Chimeri,1921-06-04,Venezuelan,Venezuela,6.42375,-66.58973
504,Antonio,Creus,1924-10-28,Spanish,Spain,40.463667,-3.74922
505,Chris,Bristow,1937-12-02,British,United Kingdom,55.378051,-3.435973
506,Bruce,Halford,1931-05-18,British,United Kingdom,55.378051,-3.435973
507,Chuck,Daigh,1923-11-29,American,United States,37.09024,-95.712891
508,Lance,Reventlow,1936-02-24,American,United States,37.09024,-95.712891
509,Jim,Rathmann,1928-07-16,American,United States,37.09024,-95.712891
510,Paul,Goldsmith,1925-10-02,American,United States,37.09024,-95.712891
511,Don,Branson,1920-06-02,American,United States,37.09024,-95.712891
512,Johnny,Thomson,1922-04-09,American,United States,37.09024,-95.712891
513,Eddie,Johnson,1919-02-10,American,United States,37.09024,-95.712891
514,Bob,Veith,1926-11-01,American,United States,37.09024,-95.712891
515,Bud,Tingelstad,1928-04-04,American,United States,37.09024,-95.712891
516,Bob,Christie,1924-04-04,American,United States,37.09024,-95.712891
517,Red,Amick,1929-01-19,American,United States,37.09024,-95.712891
518,Duane,Carter,1913-05-05,American,United States,37.09024,-95.712891
519,Bill,Homeier,1918-08-31,American,United States,37.09024,-95.712891
520,Gene,Hartley,1926-01-28,American,United States,37.09024,-95.712891
521,Chuck,Stevenson,1919-10-15,American,United States,37.09024,-95.712891
522,Bobby,Grim,1924-09-04,American,United States,37.09024,-95.712891
523,Shorty,Templeman,1919-08-12,American,United States,37.09024,-95.712891
524,Jim,Hurtubise,1932-12-05,American,United States,37.09024,-95.712891
525,Jimmy,Bryan,1926-01-28,American,United States,37.09024,-95.712891
526,Troy,Ruttman,1930-03-11,American,United States,37.09024,-95.712891
527,Eddie,Sachs,1927-05-28,American,United States,37.09024,-95.712891
528,Don,Freeland,1925-03-25,American,United States,37.09024,-95.712891
529,Tony,Bettenhausen,1916-09-12,American,United States,37.09024,-95.712891
530,Wayne,Weiler,1934-12-09,American,United States,37.09024,-95.712891
531,Anthony,Foyt,1935-01-16,American,United States,37.09024,-95.712891
532,Eddie,Russo,1925-11-19,American,United States,37.09024,-95.712891
533,Johnny,Boyd,1926-08-19,American,United States,37.09024,-95.712891
534,Gene,Force,1916-06-15,American,United States,37.09024,-95.712891
535,Jim,McWithey,1927-07-04,American,United States,37.09024,-95.712891
536,Len,Sutton,1925-08-09,American,United States,37.09024,-95.712891
537,Dick,Rathmann,1924-01-06,American,United States,37.09024,-95.712891
538,Al,Herman,1927-03-15,American,United States,37.09024,-95.712891
539,Dempsey,Wilson,1927-03-11,American,United States,37.09024,-95.712891
540,Mike,Taylor,1934-04-24,British,United Kingdom,55.378051,-3.435973
541,Ron,Flockhart,1923-06-16,British,United Kingdom,55.378051,-3.435973
542,David,Piper,1930-12-02,British,United Kingdom,55.378051,-3.435973
543,Giulio,Cabianca,1923-02-19,Italian,Italy,41.87194,12.56738
544,Piero,Drogo,1926-08-08,Italian,Italy,41.87194,12.56738
545,Fred,Gamble,1932-03-17,American,United States,37.09024,-95.712891
546,Arthur,Owen,1915-03-23,British,United Kingdom,55.378051,-3.435973
547,Horace,Gould,1918-09-20,British,United Kingdom,55.378051,-3.435973
548,Bob,Drake,1919-12-14,American,United States,37.09024,-95.712891
549,Ivor,Bueb,1923-06-06,British,United Kingdom,55.378051,-3.435973
550,Alain,de Changy,1922-02-05,Belgian,Belgium,50.503887,4.469936
551,Maria,de Filippis,1926-11-11,Italian,Italy,41.87194,12.56738
552,Jean,Lucienbonnet,1923-01-07,French,France,46.227638,2.213749
553,André,Testut,1926-04-13,Monegasque,Monaco,43.750298,7.412841
554,Jean,Behra,1921-02-16,French,France,46.227638,2.213749
555,Paul,Russo,1914-04-10,American,United States,37.09024,-95.712891
556,Jimmy,Daywalt,1924-08-28,American,United States,37.09024,-95.712891
557,Chuck,Arnold,1926-05-30,American,United States,37.09024,-95.712891
558,Al,Keller,1920-04-11,American,United States,37.09024,-95.712891
559,Pat,Flaherty,1926-01-06,American,United States,37.09024,-95.712891
560,Bill,Cheesbourg,1927-06-12,American,United States,37.09024,-95.712891
561,Ray,Crawford,1915-10-26,American,United States,37.09024,-95.712891
562,Jack,Turner,1920-02-12,American,United States,37.09024,-95.712891
563,Chuck,Weyant,1923-04-03,American,United States,37.09024,-95.712891
564,Jud,Larson,1923-01-21,American,United States,37.09024,-95.712891
565,Mike,Magill,1920-02-08,American,United States,37.09024,-95.712891
566,Carroll,Shelby,1923-01-11,American,United States,37.09024,-95.712891
567,Fritz,d'Orey,1938-03-25,Brazilian,Brazil,-14.235004,-51.92528
568,Azdrubal,Fontes,1922-12-26,Uruguayan,Uruguay,-32.522779,-55.765835
569,Peter,Ashdown,1934-10-16,British,United Kingdom,55.378051,-3.435973
570,Bill,Moss,1933-09-04,British,United Kingdom,55.378051,-3.435973
571,Dennis,Taylor,1921-06-12,British,United Kingdom,55.378051,-3.435973
572,Harry,Blanchard,1929-06-13,American,United States,37.09024,-95.712891
573,Alessandro,de Tomaso,1928-07-10,Italian,Italy,41.87194,12.56738
574,George,Constantine,1918-02-22,American,United States,37.09024,-95.712891
575,Bob,Said,1932-05-05,American,United States,37.09024,-95.712891
576,Phil,Cade,1916-06-12,American,United States,37.09024,-95.712891
577,Luigi,Musso,1924-07-28,Italian,Italy,41.87194,12.56738
578,Mike,Hawthorn,1929-04-10,British,United Kingdom,55.378051,-3.435973
579,Juan,Fangio,1911-06-24,Argentine,Argentina,-38.416097,-63.616672
580,Paco,Godia,1921-03-21,Spanish,Spain,40.463667,-3.74922
581,Peter,Collins,1931-11-06,British,United Kingdom,55.378051,-3.435973
582,Ken,Kavanagh,1923-12-12,Australian,Australia,-25.274398,133.775136
583,Gerino,Gerini,1928-08-10,Italian,Italy,41.87194,12.56738
584,Bruce,Kessler,1936-03-23,American,United States,37.09024,-95.712891
585,Paul,Emery,1916-11-12,British,United Kingdom,55.378051,-3.435973
586,Luigi,Piotti,1913-10-27,Italian,Italy,41.87194,12.56738
587,Bernie,Ecclestone,1930-10-28,British,United Kingdom,55.378051,-3.435973
588,Luigi,Taramazzo,1932-05-05,Italian,Italy,41.87194,12.56738
589,Louis,Chiron,1899-08-03,Monegasque,Monaco,43.750298,7.412841
590,Stuart,Lewis-Evans,1930-04-20,British,United Kingdom,55.378051,-3.435973
591,George,Amick,1924-10-24,American,United States,37.09024,-95.712891
592,Jimmy,Reece,1929-11-17,American,United States,37.09024,-95.712891
593,Johnnie,Parsons,1918-07-04,American,United States,37.09024,-95.712891
594,Johnnie,Tolan,1917-10-22,American,United States,37.09024,-95.712891
595,Billy,Garrett,1933-04-24,American,United States,37.09024,-95.712891
596,Ed,Elisian,1926-12-09,American,United States,37.09024,-95.712891
597,Pat,O'Connor,1928-10-09,American,United States,37.09024,-95.712891
598,Jerry,Unser,1932-11-15,American,United States,37.09024,-95.712891
599,Art,Bisch,1926-11-10,American,United States,37.09024,-95.712891
600,Christian,Goethals,1928-08-04,Belgian,Belgium,50.503887,4.469936
601,Dick,Gibson,1918-04-16,British,United Kingdom,55.378051,-3.435973
602,Robert,La Caze,1917-02-26,French,France,46.227638,2.213749
603,André,Guelfi,1919-05-06,French,France,46.227638,2.213749
604,François,Picard,1921-04-26,French,France,46.227638,2.213749
605,Tom,Bridger,1934-06-24,British,United Kingdom,55.378051,-3.435973
606,Alfonso,de Portago,1928-10-11,Spanish,Spain,40.463667,-3.74922
607,Cesare,Perdisa,1932-10-21,Italian,Italy,41.87194,12.56738
608,Eugenio,Castellotti,1930-10-10,Italian,Italy,41.87194,12.56738
609,André,Simon,1920-01-05,French,France,46.227638,2.213749
610,Les,Leston,1920-12-16,British,United Kingdom,55.378051,-3.435973
611,Sam,Hanks,1914-07-13,American,United States,37.09024,-95.712891
612,Andy,Linden,1922-04-05,American,United States,37.09024,-95.712891
613,Marshall,Teague,1921-02-22,American,United States,37.09024,-95.712891
614,Don,Edmunds,1930-09-23,American,United States,37.09024,-95.712891
615,Fred,Agabashian,1913-08-21,American,United States,37.09024,-95.712891
616,Elmer,George,1928-07-15,American,United States,37.09024,-95.712891
617,Mike,MacDowel,1932-09-13,British,United Kingdom,55.378051,-3.435973
618,Herbert,MacKay-Fraser,1927-06-23,American,United States,37.09024,-95.712891
619,Bob,Gerard,1914-01-19,British,United Kingdom,55.378051,-3.435973
620,Umberto,Maglioli,1928-06-05,Italian,Italy,41.87194,12.56738
621,Paul,England,1929-03-28,Australian,Australia,-25.274398,133.775136
622,Chico,Landi,1907-07-14,Brazilian,Brazil,-14.235004,-51.92528
623,Alberto,Uria,1924-07-11,Uruguayan,Uruguay,-32.522779,-55.765835
624,Hernando,da Silva Ramos,1925-12-07,Brazilian,Brazil,-14.235004,-51.92528
625,Élie,Bayol,1914-02-28,French,France,46.227638,2.213749
626,Robert,Manzon,1917-04-12,French,France,46.227638,2.213749
627,Louis,Rosier,1905-11-05,French,France,46.227638,2.213749
628,Bob,Sweikert,1926-05-20,American,United States,37.09024,-95.712891
629,Cliff,Griffith,1916-02-06,American,United States,37.09024,-95.712891
630,Duke,Dinsmore,1913-04-10,American,United States,37.09024,-95.712891
631,Keith,Andrews,1920-06-15,American,United States,37.09024,-95.712891
632,Paul,Frère,1917-01-30,Belgian,Belgium,50.503887,4.469936
633,Luigi,Villoresi,1909-05-16,Italian,Italy,41.87194,12.56738
634,Piero,Scotti,1909-11-11,Italian,Italy,41.87194,12.56738
635,Colin,Chapman,1928-05-19,British,United Kingdom,55.378051,-3.435973
636,Desmond,Titterington,1928-05-01,British,United Kingdom,55.378051,-3.435973
637,Archie,Scott Brown,1927-05-13,British,United Kingdom,55.378051,-3.435973
638,Ottorino,Volonterio,1917-12-07,Swiss,Switzerland,46.818188,8.227512
639,André,Milhoux,1928-12-09,Belgian,Belgium,50.503887,4.469936
640,Toulo,de Graffenried,1914-05-18,Swiss,Switzerland,46.818188,8.227512
641,Piero,Taruffi,1906-10-12,Italian,Italy,41.87194,12.56738
642,Nino,Farina,1906-10-30,Italian,Italy,41.87194,12.56738
643,Roberto,Mieres,1924-12-03,Argentine,Argentina,-38.416097,-63.616672
644,Sergio,Mantovani,1929-05-22,Italian,Italy,41.87194,12.56738
645,Clemar,Bucci,1920-09-04,Argentine,Argentina,-38.416097,-63.616672
646,Jesús,Iglesias,1922-02-22,Argentine,Argentina,-38.416097,-63.616672
647,Alberto,Ascari,1918-07-13,Italian,Italy,41.87194,12.56738
648,Karl,Kling,1910-09-16,German,Germany,51.165691,10.451526
649,Pablo,Birger,1924-01-07,Argentine,Argentina,-38.416097,-63.616672
650,Jacques,Pollet,1922-07-02,French,France,46.227638,2.213749
651,Lance,Macklin,1919-09-02,British,United Kingdom,55.378051,-3.435973
652,Ted,Whiteaway,1928-11-01,British,United Kingdom,55.378051,-3.435973
653,Jimmy,Davies,1929-08-08,American,United States,37.09024,-95.712891
654,Walt,Faulkner,1920-02-16,American,United States,37.09024,-95.712891
655,Cal,Niday,1914-04-29,American,United States,37.09024,-95.712891
656,Art,Cross,1918-01-24,American,United States,37.09024,-95.712891
657,Bill,Vukovich,1918-12-13,American,United States,37.09024,-95.712891
658,Jack,McGrath,1919-10-08,American,United States,37.09024,-95.712891
659,Jerry,Hoyt,1929-01-29,American,United States,37.09024,-95.712891
660,Johnny,Claes,1916-08-11,Belgian,Belgium,50.503887,4.469936
661,Peter,Walker,1912-10-07,British,United Kingdom,55.378051,-3.435973
662,Mike,Sparken,1930-06-16,French,France,46.227638,2.213749
663,Ken,Wharton,1916-03-21,British,United Kingdom,55.378051,-3.435973
664,Kenneth,McAlpine,1920-09-21,British,United Kingdom,55.378051,-3.435973
665,Leslie,Marr,1922-08-14,British,United Kingdom,55.378051,-3.435973
666,Tony,Rolt,1918-10-16,British,United Kingdom,55.378051,-3.435973
667,John,Fitch,1917-08-04,American,United States,37.09024,-95.712891
668,Jean,Lucas,1917-04-25,French,France,46.227638,2.213749
669,Prince,Bira,1914-07-15,Thai,Thailand,15.870032,100.992541
670,Onofre,Marimón,1923-12-19,Argentine,Argentina,-38.416097,-63.616672
671,Roger,Loyer,1907-08-05,French,France,46.227638,2.213749
672,Jorge,Daponte,1923-06-05,Argentine,Argentina,-38.416097,-63.616672
673,Mike,Nazaruk,1921-10-02,American,United States,37.09024,-95.712891
674,Larry,Crockett,1926-10-23,American,United States,37.09024,-95.712891
675,Manny,Ayulo,1921-10-20,American,United States,37.09024,-95.712891
676,Frank,Armi,1918-10-12,American,United States,37.09024,-95.712891
677,Travis,Webb,1910-10-08,American,United States,37.09024,-95.712891
678,Len,Duncan,1911-07-25,American,United States,37.09024,-95.712891
679,Ernie,McCoy,1921-02-19,American,United States,37.09024,-95.712891
680,Jacques,Swaters,1926-10-30,American,United States,37.09024,-95.712891
681,Georges,Berger,1918-09-14,Belgian,Belgium,50.503887,4.469936
682,Don,Beauman,1928-07-26,British,United Kingdom,55.378051,-3.435973
683,Leslie,Thorne,1916-06-23,British,United Kingdom,55.378051,-3.435973
684,Bill,Whitehouse,1909-04-01,British,United Kingdom,55.378051,-3.435973
685,John,Riseley-Prichard,1924-01-17,British,United Kingdom,55.378051,-3.435973
686,Reg,Parnell,1911-07-02,British,United Kingdom,55.378051,-3.435973
687,Peter,Whitehead,1914-11-12,British,United Kingdom,55.378051,-3.435973
688,Eric,Brandon,1920-07-18,British,United Kingdom,55.378051,-3.435973
689,Alan,Brown,1919-11-20,British,United Kingdom,55.378051,-3.435973
690,Rodney,Nuckey,1929-06-26,British,United Kingdom,55.378051,-3.435973
691,Hermann,Lang,1909-04-06,German,Germany,51.165691,10.451526
692,Theo,Helfrich,1913-05-13,German,Germany,51.165691,10.451526
693,Fred,Wacker,1918-07-10,American,United States,37.09024,-95.712891
694,Giovanni,de Riu,1925-03-10,Italian,Italy,41.87194,12.56738
695,Oscar,Gálvez,1913-08-17,Argentine,Argentina,-38.416097,-63.616672
696,John,Barber,1929-07-22,British,United Kingdom,55.378051,-3.435973
697,Felice,Bonetto,1903-06-09,Italian,Italy,41.87194,12.56738
698,Adolfo,Cruz,1923-06-28,Argentine,Argentina,-38.416097,-63.616672
699,Duke,Nalon,1913-03-02,American,United States,37.09024,-95.712891
700,Carl,Scarborough,1914-07-03,American,United States,37.09024,-95.712891
701,Bill,Holland,1907-12-18,American,United States,37.09024,-95.712891
702,Bob,Scott,1928-10-04,American,United States,37.09024,-95.712891
703,Arthur,Legat,1898-11-01,Belgian,Belgium,50.503887,4.469936
704,Yves,Cabantous,1904-10-08,French,France,46.227638,2.213749
705,Tony,Crook,1920-02-16,British,United Kingdom,55.378051,-3.435973
706,Jimmy,Stewart,1931-03-06,British,United Kingdom,55.378051,-3.435973
707,Ian,Stewart,1929-07-15,British,United Kingdom,55.378051,-3.435973
708,Duncan,Hamilton,1920-04-30,British,United Kingdom,55.378051,-3.435973
709,Ernst,Klodwig,1903-05-23,German,Germany,51.165691,10.451526
710,Rudolf,Krause,1907-03-30,German,Germany,51.165691,10.451526
711,Oswald,Karch,1917-03-06,German,Germany,51.165691,10.451526
712,Willi,Heeks,1922-02-13,German,Germany,51.165691,10.451526
713,Theo,Fitzau,1923-02-10,German,Germany,51.165691,10.451526
714,Kurt,Adolff,1921-11-05,German,Germany,51.165691,10.451526
715,Günther,Bechem,1921-12-21,German,Germany,51.165691,10.451526
716,Erwin,Bauer,1912-07-17,German,Germany,51.165691,10.451526
717,Hans,von Stuck,1900-12-27,German,Germany,51.165691,10.451526
718,Ernst,Loof,1907-07-04,German,Germany,51.165691,10.451526
719,Albert,Scherrer,1908-02-28,Swiss,Switzerland,46.818188,8.227512
720,Max,de Terra,1918-10-06,Swiss,Switzerland,46.818188,8.227512
721,Peter,Hirt,1910-03-30,Swiss,Switzerland,46.818188,8.227512
722,Piero,Carini,1921-03-06,Italian,Italy,41.87194,12.56738
723,Rudi,Fischer,1912-04-19,Swiss,Switzerland,46.818188,8.227512
724,Toni,Ulmen,1906-01-25,German,Germany,51.165691,10.451526
725,George,Abecassis,1913-03-21,British,United Kingdom,55.378051,-3.435973
726,George,Connor,1906-08-16,American,United States,37.09024,-95.712891
727,Jim,Rigsby,1923-06-06,American,United States,37.09024,-95.712891
728,Joe,James,1925-05-23,American,United States,37.09024,-95.712891
729,Bill,Schindler,1909-03-06,American,United States,37.09024,-95.712891
730,George,Fonder,1917-06-22,American,United States,37.09024,-95.712891
731,Henry,Banks,1913-06-14,American,United States,37.09024,-95.712891
732,Johnny,McDowell,1915-01-29,American,United States,37.09024,-95.712891
733,Chet,Miller,1902-07-19,American,United States,37.09024,-95.712891
734,Bobby,Ball,1925-08-26,American,United States,37.09024,-95.712891
735,Charles,de Tornaco,1927-06-07,Belgian,Belgium,50.503887,4.469936
736,Roger,Laurent,1913-02-21,Belgian,Belgium,50.503887,4.469936
737,Robert,O'Brien,1908-04-11,American,United States,37.09024,-95.712891
738,Tony,Gaze,1920-02-03,Australian,Australia,-25.274398,133.775136
739,Robin,Montgomerie-Charrington,1915-06-23,British,United Kingdom,55.378051,-3.435973
740,Franco,Comotti,1906-07-24,Italian,Italy,41.87194,12.56738
741,Philippe,Étancelin,1896-12-28,French,France,46.227638,2.213749
742,Dennis,Poore,1916-08-19,British,United Kingdom,55.378051,-3.435973
743,Eric,Thompson,1919-11-04,British,United Kingdom,55.378051,-3.435973
744,Ken,Downing,1917-12-05,British,United Kingdom,55.378051,-3.435973
745,Graham,Whitehead,1922-04-15,British,United Kingdom,55.378051,-3.435973
746,Gino,Bianco,1916-07-22,Brazilian,Brazil,-14.235004,-51.92528
747,David,Murray,1909-12-28,British,United Kingdom,55.378051,-3.435973
748,Eitel,Cantoni,1906-10-04,Uruguayan,Uruguay,-32.522779,-55.765835
749,Bill,Aston,1900-03-29,British,United Kingdom,55.378051,-3.435973
750,Adolf,Brudes,1899-10-15,German,Germany,51.165691,10.451526
751,Fritz,Riess,1922-07-11,German,Germany,51.165691,10.451526
752,Helmut,Niedermayr,1915-11-29,German,Germany,51.165691,10.451526
753,Hans,Klenk,1919-10-28,German,Germany,51.165691,10.451526
754,Marcel,Balsa,1909-01-01,French,France,46.227638,2.213749
755,Rudolf,Schoeller,1902-04-27,Swiss,Switzerland,46.818188,8.227512
756,Paul,Pietsch,1911-06-20,German,Germany,51.165691,10.451526
757,Josef,Peters,1914-09-16,German,Germany,51.165691,10.451526
758,Dries,van der Lof,1919-08-23,Dutch,Netherlands,52.132633,5.291266
759,Jan,Flinterman,1919-10-02,Dutch,Netherlands,52.132633,5.291266
760,Piero,Dusio,1899-10-13,Italian,Italy,41.87194,12.56738
761,Alberto,Crespo,1920-01-16,Argentine,Argentina,-38.416097,-63.616672
762,Franco,Rol,1908-06-05,Italian,Italy,41.87194,12.56738
763,Consalvo,Sanesi,1911-03-28,Italian,Italy,41.87194,12.56738
764,Guy,Mairesse,1910-08-10,French,France,46.227638,2.213749
765,Henri,Louveau,1910-01-25,French,France,46.227638,2.213749
766,Lee,Wallard,1910-09-07,American,United States,37.09024,-95.712891
767,Carl,Forberg,1911-03-04,American,United States,37.09024,-95.712891
768,Mauri,Rose,1906-05-26,American,United States,37.09024,-95.712891
769,Bill,Mackey,1927-12-15,American,United States,37.09024,-95.712891
770,Cecil,Green,1919-09-30,American,United States,37.09024,-95.712891
771,Walt,Brown,1911-12-30,American,United States,37.09024,-95.712891
772,Mack,Hellings,1915-09-14,American,United States,37.09024,-95.712891
773,Pierre,Levegh,1905-12-22,French,France,46.227638,2.213749
774,Eugène,Chaboud,1907-04-12,French,France,46.227638,2.213749
775,Aldo,Gordini,1921-05-20,French,France,46.227638,2.213749
776,Joe,Kelly,1913-03-13,Irish,Ireland,53.41291,-8.24389
777,Philip,Fotheringham-Parker,1907-09-22,British,United Kingdom,55.378051,-3.435973
778,Brian,Shawe Taylor,1915-01-28,British,United Kingdom,55.378051,-3.435973
779,John,James,1914-05-10,British,United Kingdom,55.378051,-3.435973
780,Toni,Branca,1916-09-15,Swiss,Switzerland,46.818188,8.227512
781,Ken,Richardson,1911-08-21,British,United Kingdom,55.378051,-3.435973
782,Juan,Jover,1903-11-23,Spanish,Spain,40.463667,-3.74922
783,Georges,Grignard,1905-07-25,French,France,46.227638,2.213749
784,David,Hampshire,1917-12-29,British,United Kingdom,55.378051,-3.435973
785,Geoff,Crossley,1921-05-11,British,United Kingdom,55.378051,-3.435973
786,Luigi,Fagioli,1898-06-09,Italian,Italy,41.87194,12.56738
787,Cuth,Harrison,1906-07-06,British,United Kingdom,55.378051,-3.435973
788,Joe,Fry,1915-10-26,British,United Kingdom,55.378051,-3.435973
789,Eugène,Martin,1915-03-24,French,France,46.227638,2.213749
790,Leslie,Johnson,1912-03-22,British,United Kingdom,55.378051,-3.435973
791,Clemente,Biondetti,1898-08-18,Italian,Italy,41.87194,12.56738
792,Alfredo,Pián,1912-10-21,Argentine,Argentina,-38.416097,-63.616672
793,Raymond,Sommer,1906-08-31,French,France,46.227638,2.213749
794,Joie,Chitwood,1912-04-14,American,United States,37.09024,-95.712891
795,Myron,Fohr,1912-06-17,American,United States,37.09024,-95.712891
796,Walt,Ader,1913-12-15,American,United States,37.09024,-95.712891
797,Jackie,Holmes,1920-09-04,American,United States,37.09024,-95.712891
798,Bayliss,Levrett,1914-02-14,American,United States,37.09024,-95.712891
799,Jimmy,Jackson,1910-07-25,American,United States,37.09024,-95.712891
800,Nello,Pagani,1911-10-11,Italian,Italy,41.87194,12.56738
801,Charles,Pozzi,1909-08-27,French,France,46.227638,2.213749
802,Dorino,Serafini,1909-07-22,Italian,Italy,41.87194,12.56738
803,Bill,Cantrell,1908-01-31,American,United States,37.09024,-95.712891
804,Johnny,Mantz,1918-09-18,American,United States,37.09024,-95.712891
805,Danny,Kladis,1917-02-10,American,United States,37.09024,-95.712891
806,Óscar,González,1923-11-10,Uruguayan,Uruguay,-32.522779,-55.765835
807,Nico,Hülkenberg,1987-08-19,German,Germany,51.165691,10.451526
808,Vitaly,Petrov,1984-09-08,Russian,Russia,61.52401,105.318756
810,Lucas,di Grassi,1984-08-11,Brazilian,Brazil,-14.235004,-51.92528
811,Bruno,Senna,1983-10-15,Brazilian,Brazil,-14.235004,-51.92528
812,Karun,Chandhok,1984-01-19,Indian,India,20.593684,78.96288
813,Pastor,Maldonado,1985-03-09,Venezuelan,Venezuela,6.42375,-66.58973
814,Paul,di Resta,1986-04-16,British,United Kingdom,55.378051,-3.435973
815,Sergio,Pérez,1990-01-26,Mexican,Mexico,23.634501,-102.552784
816,Jérôme,d'Ambrosio,1985-12-27,Belgian,Belgium,50.503887,4.469936
817,Daniel,Ricciardo,1989-07-01,Australian,Australia,-25.274398,133.775136
818,Jean-Éric,Vergne,1990-04-25,French,France,46.227638,2.213749
819,Charles,Pic,1990-02-15,French,France,46.227638,2.213749
820,Max,Chilton,1991-04-21,British,United Kingdom,55.378051,-3.435973
821,Esteban,Gutiérrez,1991-08-05,Mexican,Mexico,23.634501,-102.552784
822,Valtteri,Bottas,1989-08-28,Finnish,Finland,61.92411,25.748151
823,Giedo,van der Garde,1985-04-25,Dutch,Netherlands,52.132633,5.291266
824,Jules,Bianchi,1989-08-03,French,France,46.227638,2.213749
825,Kevin,Magnussen,1992-10-05,Danish,Denmark,56.26392,9.501785
826,Daniil,Kvyat,1994-04-26,Russian,Russia,61.52401,105.318756
827,André,Lotterer,1981-11-19,German,Germany,51.165691,10.451526
828,Marcus,Ericsson,1990-09-02,Swedish,Sweden,60.128161,18.643501
829,Will,Stevens,1991-06-28,British,United Kingdom,55.378051,-3.435973
830,Max,Verstappen,1997-09-30,Dutch,Netherlands,52.132633,5.291266
831,Felipe,Nasr,1992-08-21,Brazilian,Brazil,-14.235004,-51.92528
832,Carlos,Sainz,1994-09-01,Spanish,Spain,40.463667,-3.74922
833,Roberto,Merhi,1991-03-22,Spanish,Spain,40.463667,-3.74922
834,Alexander,Rossi,1991-09-25,American,United States,37.09024,-95.712891
835,Jolyon,Palmer,1991-01-20,British,United Kingdom,55.378051,-3.435973
836,Pascal,Wehrlein,1994-10-18,German,Germany,51.165691,10.451526
837,Rio,Haryanto,1993-01-22,Indonesian,Indonesia,-0.789275,113.921327
838,Stoffel,Vandoorne,1992-03-26,Belgian,Belgium,50.503887,4.469936
839,Esteban,Ocon,1996-09-17,French,France,46.227638,2.213749
840,Lance,Stroll,1998-10-29,Canadian,Canada,56.130366,-106.346771
841,Antonio,Giovinazzi,1993-12-14,Italian,Italy,41.87194,12.56738
843,Brendon,Hartley,1989-11-10,New Zealander,New Zealand,-40.900557,174.885971
844,Charles,Leclerc,1997-10-16,Monegasque,Monaco,43.750298,7.412841
845,Sergey,Sirotkin,1995-08-27,Russian,Russia,61.52401,105.318756
846,Lando,Norris,1999-11-13,British,United Kingdom,55.378051,-3.435973
847,George,Russell,1998-02-15,British,United Kingdom,55.378051,-3.435973
848,Alexander,Albon,1996-03-23,Thai,Thailand,15.870032,100.992541
849,Nicholas,Latifi,1995-06-29,Canadian,Canada,56.130366,-106.346771
850,Pietro,Fittipaldi,1996-06-25,Brazilian,Brazil,-14.235004,-51.92528
851,Jack,Aitken,1995-09-23,British,United Kingdom,55.378051,-3.435973
852,Yuki,Tsunoda,2000-05-11,Japanese,Japan,36.204824,138.252924
853,Nikita,Mazepin,1999-03-02,Russian,Russia,61.52401,105.318756
854,Mick,Schumacher,1999-03-22,German,Germany,51.165691,10.451526
855,Guanyu,Zhou,1999-05-30,Chinese,China,35.86166,104.195397
856,Nyck,de Vries,1995-02-06,Dutch,Netherlands,52.132633,5.291266
857,Oscar,Piastri,2001-04-06,Australian,Australia,-25.274398,133.775136
858,Logan,Sargeant,2000-12-31,American,United States,37.09024,-95.712891
859,Liam,Lawson,2002-02-11,New Zealander,New Zealand,-40.900557,174.885971
860,Oliver,Bearman,2005-05-08,British,United Kingdom,55.378051,-3.435973
